<?xml version="1.0" encoding="UTF-8"?>
<?xml-stylesheet type="text/xsl" href="completeCodes.xsl"?>
<TEI xmlns="http://www.tei-c.org/ns/1.0" xmlns:xlink="http://www.w3.org/1999/xlink"
    xmlns:mml="http://www.w3.org/1998/Math/MathML" xmlns:tei="http://www.tei-c.org/ns/1.0">
    <teiHeader>
        <fileDesc>
            <titleStmt>
                <title>Reference table for country codes (ISO 3166 a2 and a3)</title>
            </titleStmt>
            <publicationStmt>
                <p>...</p>
            </publicationStmt>
            <sourceDesc>
                <p>...</p>
            </sourceDesc>
        </fileDesc>
    </teiHeader>
    <text>
        <body>
            <div>
                <table>
                    <row>
                        <cell role="a2code">AF</cell>
                        <cell role="a3code">AFG</cell>
                        <cell role="name" xml:lang="fr">AFGHANISTAN</cell>
                        <cell role="name" xml:lang="en">AFGHANISTAN</cell>
                        <cell role="nameAlt" xml:lang="en">Afghanistan</cell>
                    </row>
                    <row>
                        <cell role="a2code">ZA</cell>
                        <cell role="a3code">ZAF</cell>
                        <cell role="name" xml:lang="fr">AFRIQUE DU SUD</cell>
                        <cell role="name" xml:lang="en">SOUTH AFRICA</cell>
                        <cell role="nameAlt" xml:lang="en">South Africa</cell>
                    </row>
                    <row>
                        <cell role="a2code">AX</cell>
                        <cell role="a3code">ALA</cell>
                        <cell role="name" xml:lang="fr">ÅLAND, ÎLES</cell>
                        <cell role="name" xml:lang="en">ÅLAND ISLANDS</cell>
                        <cell role="nameAlt" xml:lang="en">Åland Islands</cell>
                    </row>
                    <row>
                        <cell role="a2code">AL</cell>
                        <cell role="a3code">ALB</cell>
                        <cell role="name" xml:lang="fr">ALBANIE</cell>
                        <cell role="name" xml:lang="en">ALBANIA</cell>
                        <cell role="nameAlt" xml:lang="en">Albania</cell>
                    </row>
                    <row>
                        <cell role="a2code">DZ</cell>
                        <cell role="a3code">DZA</cell>
                        <cell role="name" xml:lang="fr">ALGÉRIE</cell>
                        <cell role="name" xml:lang="en">ALGERIA</cell>
                        <cell role="nameAlt" xml:lang="en">Algeria</cell>
                    </row>
                    <row>
                        <cell role="a2code">DE</cell>
                        <cell role="a3code">DEU</cell>
                        <cell role="name" xml:lang="fr">ALLEMAGNE</cell>
                        <cell role="name" xml:lang="en">GERMANY</cell>
                        <cell role="nameAlt" xml:lang="en">Germany</cell>
						<cell role="nameAlt" xml:lang="en">Germany (BRD)</cell>
                        <cell role="nameAlt" xml:lang="de">Deutschland</cell>
						<cell role="nameAlt" xml:lang="de">Bundesrepublik Deutschland</cell>
						<cell role="nameAlt" xml:lang="de">Republik Deutschland</cell>
						<cell role="nameAlt" xml:lang="en">Federal Republic of Germany</cell>
                    </row>
                    <row>
                        <cell role="a2code">AD</cell>
                        <cell role="a3code">AND</cell>
                        <cell role="name" xml:lang="fr">ANDORRE</cell>
                        <cell role="name" xml:lang="en">ANDORRA</cell>
                        <cell role="nameAlt" xml:lang="en">Andorra</cell>
                    </row>
                    <row>
                        <cell role="a2code">AO</cell>
                        <cell role="a3code">AGO</cell>
                        <cell role="name" xml:lang="fr">ANGOLA</cell>
                        <cell role="name" xml:lang="en">ANGOLA</cell>
                        <cell role="nameAlt" xml:lang="en">Angola</cell>
                    </row>
                    <row>
                        <cell role="a2code">AI</cell>
                        <cell role="a3code">AIA</cell>
                        <cell role="name" xml:lang="fr">ANGUILLA</cell>
                        <cell role="name" xml:lang="en">ANGUILLA</cell>
                        <cell role="nameAlt" xml:lang="en">Anguilla</cell>
                    </row>
                    <row>
                        <cell role="a2code">AQ</cell>
                        <cell role="a3code">ATA</cell>
                        <cell role="name" xml:lang="fr">ANTARCTIQUE</cell>
                        <cell role="name" xml:lang="en">ANTARCTICA</cell>
                        <cell role="nameAlt" xml:lang="en">Antartica</cell>
                    </row>
                    <row>
                        <cell role="a2code">AG</cell>
                        <cell role="a3code">ATG</cell>
                        <cell role="name" xml:lang="fr">ANTIGUA-ET-BARBUDA</cell>
                        <cell role="name" xml:lang="en">ANTIGUA AND BARBUDA</cell>
                        <cell role="nameAlt" xml:lang="en">Antigua and Barbuda</cell>
                    </row>
                    <row>
                        <cell role="a2code">AN</cell>
                        <cell role="a3code">ANT</cell>
                        <cell role="name" xml:lang="fr">ANTILLES NÉERLANDAISES</cell>
                        <cell role="name" xml:lang="en">NETHERLANDS ANTILLES</cell>
                        <cell role="nameAlt" xml:lang="en">Netherlands Antilles</cell>
                    </row>
                    <row>
                        <cell role="a2code">SA</cell>
                        <cell role="a3code">SAU</cell>
                        <cell role="name" xml:lang="fr">ARABIE SAOUDITE</cell>
                        <cell role="name" xml:lang="en">SAUDI ARABIA</cell>
                        <cell role="nameAlt" xml:lang="en">Saudi Arabia</cell>
                    </row>
                    <row>
                        <cell role="a2code">AR</cell>
                        <cell role="a3code">ARG</cell>
                        <cell role="name" xml:lang="fr">ARGENTINE</cell>
                        <cell role="name" xml:lang="en">ARGENTINA</cell>
                        <cell role="nameAlt" xml:lang="en">Argentina</cell>
						<cell role="nameAlt" xml:lang="es">República Argentina</cell>
                    </row>
                    <row>
                        <cell role="a2code">AM</cell>
                        <cell role="a3code">ARM</cell>
                        <cell role="name" xml:lang="fr">ARMÉNIE</cell>
                        <cell role="name" xml:lang="en">ARMENIA</cell>
                        <cell role="nameAlt" xml:lang="en">Armenia</cell>
                    </row>
                    <row>
                        <cell role="a2code">AW</cell>
                        <cell role="a3code">ABW</cell>
                        <cell role="name" xml:lang="fr">ARUBA</cell>
                        <cell role="name" xml:lang="en">ARUBA</cell>
                        <cell role="nameAlt" xml:lang="en">Aruba</cell>
                    </row>
                    <row>
                        <cell role="a2code">AU</cell>
                        <cell role="a3code">AUS</cell>
                        <cell role="name" xml:lang="fr">AUSTRALIE</cell>
                        <cell role="name" xml:lang="en">AUSTRALIA</cell>
                        <cell role="nameAlt" xml:lang="en">Australia</cell>
                    </row>
                    <row>
                        <cell role="a2code">AT</cell>
                        <cell role="a3code">AUT</cell>
                        <cell role="name" xml:lang="fr">AUTRICHE</cell>
                        <cell role="name" xml:lang="en">AUSTRIA</cell>
                        <cell role="nameAlt" xml:lang="en">Austria</cell>
						<cell role="name" xml:lang="de">Österreich</cell>
                    </row>
                    <row>
                        <cell role="a2code">AZ</cell>
                        <cell role="a3code">AZE</cell>
                        <cell role="name" xml:lang="fr">AZERBAÏDJAN</cell>
                        <cell role="name" xml:lang="en">AZERBAIJAN</cell>
                        <cell role="nameAlt" xml:lang="en">Azerbaijan</cell>
                    </row>
                    <row>
                        <cell role="a2code">BS</cell>
                        <cell role="a3code">BHS</cell>
                        <cell role="name" xml:lang="fr">BAHAMAS</cell>
                        <cell role="name" xml:lang="en">BAHAMAS</cell>
                        <cell role="nameAlt" xml:lang="en">Bahamas</cell>
                    </row>
                    <row>
                        <cell role="a2code">BH</cell>
                        <cell role="a3code">BHR</cell>
                        <cell role="name" xml:lang="fr">BAHREÏN</cell>
                        <cell role="name" xml:lang="en">BAHRAIN</cell>
                        <cell role="nameAlt" xml:lang="en">Bahrain</cell>
                    </row>
                    <row>
                        <cell role="a2code">BD</cell>
                        <cell role="a3code">BGD</cell>
                        <cell role="name" xml:lang="fr">BANGLADESH</cell>
                        <cell role="name" xml:lang="en">BANGLADESH</cell>
                    </row>
                    <row>
                        <cell role="a2code">BB</cell>
                        <cell role="a3code">BRB</cell>
                        <cell role="name" xml:lang="fr">BARBADE</cell>
                        <cell role="name" xml:lang="en">BARBADOS</cell>
                    </row>
                    <row>
                        <cell role="a2code">BY</cell>
                        <cell role="a3code">BLR</cell>
                        <cell role="name" xml:lang="fr">BÉLARUS</cell>
                        <cell role="name" xml:lang="en">BELARUS</cell>
                        <cell role="nameAlt" xml:lang="en">Belarus</cell>
                        <cell role="nameAlt" xml:lang="en">Byelarus</cell>
						<cell role="nameAlt" xml:lang="en">Byelorussian SSR</cell>
                    </row>
                    <row>
                        <cell role="a2code">BE</cell>
                        <cell role="a3code">BEL</cell>
                        <cell role="name" xml:lang="fr">BELGIQUE</cell>
                        <cell role="name" xml:lang="en">BELGIUM</cell>
                        <cell role="name" xml:lang="en">Belgium</cell>
                    </row>
                    <row>
                        <cell role="a2code">BZ</cell>
                        <cell role="a3code">BLZ</cell>
                        <cell role="name" xml:lang="fr">BELIZE</cell>
                        <cell role="name" xml:lang="en">BELIZE</cell>
                        <cell role="nameAlt" xml:lang="en">Belize</cell>
                    </row>
                    <row>
                        <cell role="a2code">BJ</cell>
                        <cell role="a3code">BEN</cell>
                        <cell role="name" xml:lang="fr">BÉNIN</cell>
                        <cell role="name" xml:lang="en">BENIN</cell>
                        <cell role="nameAlt" xml:lang="en">Benin</cell>
                    </row>
                    <row>
                        <cell role="a2code">BM</cell>
                        <cell role="a3code">BMU</cell>
                        <cell role="name" xml:lang="fr">BERMUDES</cell>
                        <cell role="name" xml:lang="en">BERMUDA</cell>
                    </row>
                    <row>
                        <cell role="a2code">BT</cell>
                        <cell role="a3code">BTN</cell>
                        <cell role="name" xml:lang="fr">BHOUTAN</cell>
                        <cell role="name" xml:lang="en">BHUTAN</cell>
                    </row>
                    <row>
                        <cell role="a2code">BO</cell>
                        <cell role="a3code">BOL</cell>
                        <cell role="name" xml:lang="fr">BOLIVIE</cell>
                        <cell role="name" xml:lang="en">BOLIVIA, PLURINATIONAL STATE OF</cell>
                    </row>
                    <row>
                        <cell role="a2code">BA</cell>
                        <cell role="a3code">BIH</cell>
                        <cell role="name" xml:lang="fr">BOSNIE-HERZÉGOVINE</cell>
                        <cell role="name" xml:lang="en">BOSNIA AND HERZEGOVINA</cell>
                    </row>
                    <row>
                        <cell role="a2code">BW</cell>
                        <cell role="a3code">BWA</cell>
                        <cell role="name" xml:lang="fr">BOTSWANA</cell>
                        <cell role="name" xml:lang="en">BOTSWANA</cell>
                    </row>
                    <row>
                        <cell role="a2code">BV</cell>
                        <cell role="a3code">BVT</cell>
                        <cell role="name" xml:lang="fr">BOUVET, ÎLE</cell>
                        <cell role="name" xml:lang="en">BOUVET ISLAND</cell>
                    </row>
                    <row>
                        <cell role="a2code">BR</cell>
                        <cell role="a3code">BRA</cell>
                        <cell role="name" xml:lang="fr">BRÉSIL</cell>
                        <cell role="name" xml:lang="en">BRAZIL</cell>
                        <cell role="name" xml:lang="en">Brazil</cell>
						<cell role="name" xml:lang="de">Brasil</cell>
                    </row>
                    <row>
                        <cell role="a2code">BN</cell>
                        <cell role="a3code">BRN</cell>
                        <cell role="name" xml:lang="fr">BRUNÉI DARUSSALAM</cell>
                        <cell role="name" xml:lang="en">BRUNEI DARUSSALAM</cell>
                    </row>
                    <row>
                        <cell role="a2code">BG</cell>
                        <cell role="a3code">BGR</cell>
                        <cell role="name" xml:lang="fr">BULGARIE</cell>
                        <cell role="name" xml:lang="en">BULGARIA</cell>
                        <cell role="name" xml:lang="en">Bulgaria</cell>
                    </row>
                    <row>
                        <cell role="a2code">BF</cell>
                        <cell role="a3code">BFA</cell>
                        <cell role="name" xml:lang="fr">BURKINA FASO</cell>
                        <cell role="name" xml:lang="en">BURKINA FASO</cell>
                    </row>
                    <row>
                        <cell role="a2code">BI</cell>
                        <cell role="a3code">BDI</cell>
                        <cell role="name" xml:lang="fr">BURUNDI</cell>
                        <cell role="name" xml:lang="en">BURUNDI</cell>
                    </row>
                    <row>
                        <cell role="a2code">KY</cell>
                        <cell role="a3code">CYM</cell>
                        <cell role="name" xml:lang="fr">CAÏMANS, ÎLES</cell>
                        <cell role="name" xml:lang="en">CAYMAN ISLANDS</cell>
                    </row>
                    <row>
                        <cell role="a2code">KH</cell>
                        <cell role="a3code">KHM</cell>
                        <cell role="name" xml:lang="fr">CAMBODGE</cell>
                        <cell role="name" xml:lang="en">CAMBODIA</cell>
                    </row>
                    <row>
                        <cell role="a2code">CM</cell>
                        <cell role="a3code">CMR</cell>
                        <cell role="name" xml:lang="fr">CAMEROUN</cell>
                        <cell role="name" xml:lang="en">CAMEROON</cell>
                    </row>
                    <row>
                        <cell role="a2code">CA</cell>
                        <cell role="a3code">CAN</cell>
                        <cell role="name" xml:lang="fr">CANADA</cell>
                        <cell role="name" xml:lang="en">CANADA</cell>
                        <cell role="name" xml:lang="en">Canada</cell>
                    </row>
                    <row>
                        <cell role="a2code">CV</cell>
                        <cell role="a3code">CPV</cell>
                        <cell role="name" xml:lang="fr">CAP-VERT</cell>
                        <cell role="name" xml:lang="en">CAPE VERDE</cell>
                    </row>
                    <row>
                        <cell role="a2code">CF</cell>
                        <cell role="a3code">CAF</cell>
                        <cell role="name" xml:lang="fr">CENTRAFRICAINE, RÉPUBLIQUE</cell>
                        <cell role="name" xml:lang="en">CENTRAL AFRICAN REPUBLIC</cell>
                    </row>
                    <row>
                        <cell role="a2code">CL</cell>
                        <cell role="a3code">CHL</cell>
                        <cell role="name" xml:lang="fr">CHILI</cell>
                        <cell role="name" xml:lang="en">CHILE</cell>
                        <cell role="name" xml:lang="en">Chile</cell>
                    </row>
                    <row>
                        <cell role="a2code">CN</cell>
                        <cell role="a3code">CHN</cell>
                        <cell role="name" xml:lang="fr">CHINE</cell>
                        <cell role="name" xml:lang="en">CHINA</cell>
                        <cell role="name" xml:lang="en">China</cell>
                        <cell role="nameAlt" xml:lang="en">People’s Republic of China</cell>
                        <cell role="nameAlt" xml:lang="en">People’s Republic China</cell>
                        <cell role="nameAlt" xml:lang="en">Peoples R China</cell>
                        <cell role="nameAlt" xml:lang="en">P.R. China</cell>
						<cell role="nameAlt" xml:lang="en">P.R.China</cell>
						<cell role="nameAlt" xml:lang="en">P. R. China</cell>
						<cell role="nameAlt" xml:lang="en">PR China</cell>
                    </row>
                    <row>
                        <cell role="a2code">CX</cell>
                        <cell role="a3code">CXR</cell>
                        <cell role="name" xml:lang="fr">CHRISTMAS, ÎLE</cell>
                        <cell role="name" xml:lang="en">CHRISTMAS ISLAND</cell>
                    </row>
                    <row>
                        <cell role="a2code">CY</cell>
                        <cell role="a3code">CYP</cell>
                        <cell role="name" xml:lang="fr">CHYPRE</cell>
                        <cell role="name" xml:lang="en">CYPRUS</cell>
                        <cell role="name" xml:lang="en">Cyprus</cell>
                    </row>
                    <row>
                        <cell role="a2code">CC</cell>
                        <cell role="a3code">CCK</cell>
                        <cell role="name" xml:lang="fr">COCOS (KEELING), ÎLES</cell>
                        <cell role="name" xml:lang="en">COCOS (KEELING) ISLANDS</cell>
                    </row>
                    <row>
                        <cell role="a2code">CO</cell>
                        <cell role="a3code">COL</cell>
                        <cell role="name" xml:lang="fr">COLOMBIE</cell>
                        <cell role="name" xml:lang="en">COLOMBIA</cell>
                        <cell role="name" xml:lang="en">Colombia</cell>
                    </row>
                    <row>
                        <cell role="a2code">KM</cell>
                        <cell role="a3code">COM</cell>
                        <cell role="name" xml:lang="fr">COMORES</cell>
                        <cell role="name" xml:lang="en">COMOROS</cell>
                    </row>
                    <row>
                        <cell role="a2code">CG</cell>
                        <cell role="a3code">COG</cell>
                        <cell role="name" xml:lang="fr">CONGO</cell>
                        <cell role="name" xml:lang="en">CONGO</cell>
                    </row>
                    <row>
                        <cell role="a2code">CD</cell>
                        <cell role="a3code">COD</cell>
                        <cell role="name" xml:lang="fr">CONGO, LA RÉPUBLIQUE DÉMOCRATIQUE DU</cell>
                        <cell role="name" xml:lang="en">CONGO, THE DEMOCRATIC REPUBLIC OF THE</cell>
                    </row>
                    <row>
                        <cell role="a2code">CK</cell>
                        <cell role="a3code">COK</cell>
                        <cell role="name" xml:lang="fr">COOK, ÎLES</cell>
                        <cell role="name" xml:lang="en">COOK ISLANDS</cell>
                    </row>
                    <row>
                        <cell role="a2code">KR</cell>
                        <cell role="a3code">KOR</cell>
                        <cell role="name" xml:lang="fr">CORÉE, RÉPUBLIQUE DE</cell>
                        <cell role="name" xml:lang="en">KOREA, REPUBLIC OF</cell>
                        <cell role="nameAlt" xml:lang="en">Korea</cell>
                        <cell role="nameAlt" xml:lang="en">South Korea</cell>
                        <cell role="nameAlt" xml:lang="en">Republic of Korea</cell>
                        <cell role="nameAlt" xml:lang="en">Korea, Republic of</cell>
                    </row>
                    <row>
                        <cell role="a2code">KP</cell>
                        <cell role="a3code">PRK</cell>
                        <cell role="name" xml:lang="fr">CORÉE, RÉPUBLIQUE POPULAIRE DÉMOCRATIQUE
                            DE</cell>
                        <cell role="name" xml:lang="en">KOREA, DEMOCRATIC PEOPLE'S REPUBLIC
                            OF</cell>
                    </row>
                    <row>
                        <cell role="a2code">CR</cell>
                        <cell role="a3code">CRI</cell>
                        <cell role="name" xml:lang="fr">COSTA RICA</cell>
                        <cell role="name" xml:lang="en">COSTA RICA</cell>
                        <cell role="nameAlt" xml:lang="en">Costa Rica</cell>
                    </row>
                    <row>
                        <cell role="a2code">CI</cell>
                        <cell role="a3code">CIV</cell>
                        <cell role="name" xml:lang="fr">CÔTE D'IVOIRE</cell>
                        <cell role="name" xml:lang="en">CÔTE D'IVOIRE</cell>
                        <cell role="nameAlt" xml:lang="en">Cote Ivoire</cell>
                        <cell role="nameAlt" xml:lang="en">CÔTE D'IVOIRE</cell>
                    </row>
                    <row>
                        <cell role="a2code">HR</cell>
                        <cell role="a3code">HRV</cell>
                        <cell role="name" xml:lang="fr">CROATIE</cell>
                        <cell role="name" xml:lang="en">CROATIA</cell>
                        <cell role="nameAlt" xml:lang="en">Croatia</cell>
                    </row>
                    <row>
                        <cell role="a2code">CU</cell>
                        <cell role="a3code">CUB</cell>
                        <cell role="name" xml:lang="fr">CUBA</cell>
                        <cell role="name" xml:lang="en">CUBA</cell>
                        <cell role="nameAlt" xml:lang="en">Cuba</cell>
                    </row>
                    <row>
                        <cell role="a2code">DK</cell>
                        <cell role="a3code">DNK</cell>
                        <cell role="name" xml:lang="fr">DANEMARK</cell>
                        <cell role="name" xml:lang="en">DENMARK</cell>
                        <cell role="nameAlt" xml:lang="en">Denmark</cell>
                    </row>
                    <row>
                        <cell role="a2code">DJ</cell>
                        <cell role="a3code">DJI</cell>
                        <cell role="name" xml:lang="fr">DJIBOUTI</cell>
                        <cell role="name" xml:lang="en">DJIBOUTI</cell>
                    </row>
                    <row>
                        <cell role="a2code">DO</cell>
                        <cell role="a3code">DOM</cell>
                        <cell role="name" xml:lang="fr">DOMINICAINE, RÉPUBLIQUE</cell>
                        <cell role="name" xml:lang="en">DOMINICAN REPUBLIC</cell>
                    </row>
                    <row>
                        <cell role="a2code">DM</cell>
                        <cell role="a3code">DMA</cell>
                        <cell role="name" xml:lang="fr">DOMINIQUE</cell>
                        <cell role="name" xml:lang="en">DOMINICA</cell>
                    </row>
                    <row>
                        <cell role="a2code">EG</cell>
                        <cell role="a3code">EGY</cell>
                        <cell role="name" xml:lang="fr">ÉGYPTE</cell>
                        <cell role="name" xml:lang="en">EGYPT</cell>
                        <cell role="nameAlt" xml:lang="en">Egypt</cell>
                    </row>
                    <row>
                        <cell role="a2code">SV</cell>
                        <cell role="a3code">SLV</cell>
                        <cell role="name" xml:lang="fr">EL SALVADOR</cell>
                        <cell role="name" xml:lang="en">EL SALVADOR</cell>
                    </row>
                    <row>
                        <cell role="a2code">AE</cell>
                        <cell role="a3code">ARE</cell>
                        <cell role="name" xml:lang="fr">ÉMIRATS ARABES UNIS</cell>
                        <cell role="name" xml:lang="en">UNITED ARAB EMIRATES</cell>
                        <cell role="nameAlt" xml:lang="en">U Arab Emirates</cell>
                        <cell role="nameAlt" xml:lang="en">UAE</cell>
                    </row>
                    <row>
                        <cell role="a2code">EC</cell>
                        <cell role="a3code">ECU</cell>
                        <cell role="name" xml:lang="fr">ÉQUATEUR</cell>
                        <cell role="name" xml:lang="en">ECUADOR</cell>
                    </row>
                    <row>
                        <cell role="a2code">ER</cell>
                        <cell role="a3code">ERI</cell>
                        <cell role="name" xml:lang="fr">ÉRYTHRÉE</cell>
                        <cell role="name" xml:lang="en">ERITREA</cell>
                    </row>
                    <row>
                        <cell role="a2code">ES</cell>
                        <cell role="a3code">ESP</cell>
                        <cell role="name" xml:lang="fr">ESPAGNE</cell>
                        <cell role="name" xml:lang="en">SPAIN</cell>
                        <cell role="nameAlt" xml:lang="en">Spain</cell>
						<cell role="name" xml:lang="es">España</cell>
                    </row>
                    <row>
                        <cell role="a2code">EE</cell>
                        <cell role="a3code">EST</cell>
                        <cell role="name" xml:lang="fr">ESTONIE</cell>
                        <cell role="name" xml:lang="en">ESTONIA</cell>
                        <cell role="nameAlt" xml:lang="en">Estonia</cell>
                        <cell role="nameAlt" xml:lang="en">Estonian SSR</cell>
                    </row>
                    <row>
                        <cell role="a2code">US</cell>
                        <cell role="a3code">USA</cell>
                        <cell role="name" xml:lang="fr">ÉTATS-UNIS</cell>
                        <cell role="name" xml:lang="en">UNITED STATES</cell>
                        <cell role="nameAlt" xml:lang="en">United States</cell>
                        <cell role="nameAlt" xml:lang="en">USA</cell>
						<cell role="nameAlt" xml:lang="en">U.S.A</cell>
						<cell role="nameAlt" xml:lang="en">U.S.A.</cell>
                    </row>
                    <row>
                        <cell role="a2code">ET</cell>
                        <cell role="a3code">ETH</cell>
                        <cell role="name" xml:lang="fr">ÉTHIOPIE</cell>
                        <cell role="name" xml:lang="en">ETHIOPIA</cell>
                        <cell role="nameAlt" xml:lang="en">Ethiopia</cell>
                    </row>
                    <row>
                        <cell role="a2code">FK</cell>
                        <cell role="a3code">FLK</cell>
                        <cell role="name" xml:lang="fr">FALKLAND, ÎLES (MALVINAS)</cell>
                        <cell role="name" xml:lang="en">FALKLAND ISLANDS (MALVINAS)</cell>
                    </row>
                    <row>
                        <cell role="a2code">FO</cell>
                        <cell role="a3code">FRO</cell>
                        <cell role="name" xml:lang="fr">FÉROÉ, ÎLES</cell>
                        <cell role="name" xml:lang="en">FAROE ISLANDS</cell>
                    </row>
                    <row>
                        <cell role="a2code">FJ</cell>
                        <cell role="a3code">FJI</cell>
                        <cell role="name" xml:lang="fr">FIDJI</cell>
                        <cell role="name" xml:lang="en">FIJI</cell>
                    </row>
                    <row>
                        <cell role="a2code">FI</cell>
                        <cell role="a3code">FIN</cell>
                        <cell role="name" xml:lang="fr">FINLANDE</cell>
                        <cell role="name" xml:lang="en">FINLAND</cell>
                        <cell role="nameAlt" xml:lang="en">Finland</cell>
                    </row>
                    <row>
                        <cell role="a2code">FR</cell>
                        <cell role="a3code">FRA</cell>
                        <cell role="name" xml:lang="fr">FRANCE</cell>
                        <cell role="name" xml:lang="en">FRANCE</cell>
                        <cell role="nameAlt" xml:lang="en">France</cell>
                    </row>
                    <row>
                        <cell role="a2code">GA</cell>
                        <cell role="a3code">GAB</cell>
                        <cell role="name" xml:lang="fr">GABON</cell>
                        <cell role="name" xml:lang="en">GABON</cell>
                        <cell role="nameAlt" xml:lang="en">Gabon</cell>
                    </row>
                    <row>
                        <cell role="a2code">GM</cell>
                        <cell role="a3code">GMB</cell>
                        <cell role="name" xml:lang="fr">GAMBIE</cell>
                        <cell role="name" xml:lang="en">GAMBIA</cell>
                    </row>
                    <row>
                        <cell role="a2code">GE</cell>
                        <cell role="a3code">GEO</cell>
                        <cell role="name" xml:lang="fr">GÉORGIE</cell>
                        <cell role="name" xml:lang="en">GEORGIA</cell>
                        <cell role="nameAlt" xml:lang="en">Georgia</cell>
                    </row>
                    <row>
                        <cell role="a2code">GS</cell>
                        <cell role="a3code">SGS</cell>
                        <cell role="name" xml:lang="fr">GÉORGIE DU SUD ET LES ÎLES SANDWICH DU
                            SUD</cell>
                        <cell role="name" xml:lang="en">SOUTH GEORGIA AND THE SOUTH SANDWICH
                            ISLANDS</cell>
                    </row>
                    <row>
                        <cell role="a2code">GH</cell>
                        <cell role="a3code">GHA</cell>
                        <cell role="name" xml:lang="fr">GHANA</cell>
                        <cell role="name" xml:lang="en">GHANA</cell>
                    </row>
                    <row>
                        <cell role="a2code">GI</cell>
                        <cell role="a3code">GIB</cell>
                        <cell role="name" xml:lang="fr">GIBRALTAR</cell>
                        <cell role="name" xml:lang="en">GIBRALTAR</cell>
                    </row>
                    <row>
                        <cell role="a2code">GR</cell>
                        <cell role="a3code">GRC</cell>
                        <cell role="name" xml:lang="fr">GRÈCE</cell>
                        <cell role="name" xml:lang="en">GREECE</cell>
                        <cell role="nameAlt" xml:lang="en">Greece</cell>
                    </row>
                    <row>
                        <cell role="a2code">GD</cell>
                        <cell role="a3code">GRD</cell>
                        <cell role="name" xml:lang="fr">GRENADE</cell>
                        <cell role="name" xml:lang="en">GRENADA</cell>
                    </row>
                    <row>
                        <cell role="a2code">GL</cell>
                        <cell role="a3code">GRL</cell>
                        <cell role="name" xml:lang="fr">GROENLAND</cell>
                        <cell role="name" xml:lang="en">GREENLAND</cell>
                    </row>
                    <row>
                        <cell role="a2code">GP</cell>
                        <cell role="a3code">GLP</cell>
                        <cell role="name" xml:lang="fr">GUADELOUPE</cell>
                        <cell role="name" xml:lang="en">GUADELOUPE</cell>
                    </row>
                    <row>
                        <cell role="a2code">GU</cell>
                        <cell role="a3code">GUM</cell>
                        <cell role="name" xml:lang="fr">GUAM</cell>
                        <cell role="name" xml:lang="en">GUAM</cell>
                    </row>
                    <row>
                        <cell role="a2code">GT</cell>
                        <cell role="a3code">GTM</cell>
                        <cell role="name" xml:lang="fr">GUATEMALA</cell>
                        <cell role="name" xml:lang="en">GUATEMALA</cell>
                        <cell role="nameAlt" xml:lang="en">Guatemala</cell>
                    </row>
                    <row>
                        <cell role="a2code">GG</cell>
                        <cell role="a3code">GGY</cell>
                        <cell role="name" xml:lang="fr">GUERNESEY</cell>
                        <cell role="name" xml:lang="en">GUERNSEY</cell>
                    </row>
                    <row>
                        <cell role="a2code">GN</cell>
                        <cell role="a3code">GIN</cell>
                        <cell role="name" xml:lang="fr">GUINÉE</cell>
                        <cell role="name" xml:lang="en">GUINEA</cell>
                    </row>
                    <row>
                        <cell role="a2code">GW</cell>
                        <cell role="a3code">GNB</cell>
                        <cell role="name" xml:lang="fr">GUINÉE-BISSAU</cell>
                        <cell role="name" xml:lang="en">GUINEA-BISSAU</cell>
                    </row>
                    <row>
                        <cell role="a2code">GQ</cell>
                        <cell role="a3code">GNQ</cell>
                        <cell role="name" xml:lang="fr">GUINÉE ÉQUATORIALE</cell>
                        <cell role="name" xml:lang="en">EQUATORIAL GUINEA</cell>
                    </row>
                    <row>
                        <cell role="a2code">GY</cell>
                        <cell role="a3code">GUY</cell>
                        <cell role="name" xml:lang="fr">GUYANA</cell>
                        <cell role="name" xml:lang="en">GUYANA</cell>
                    </row>
                    <row>
                        <cell role="a2code">GF</cell>
                        <cell role="a3code">GUF</cell>
                        <cell role="name" xml:lang="fr">GUYANE FRANÇAISE</cell>
                        <cell role="name" xml:lang="en">FRENCH GUIANA</cell>
                    </row>
                    <row>
                        <cell role="a2code">HT</cell>
                        <cell role="a3code">HTI</cell>
                        <cell role="name" xml:lang="fr">HAÏTI</cell>
                        <cell role="name" xml:lang="en">HAITI</cell>
                    </row>
                    <row>
                        <cell role="a2code">HM</cell>
                        <cell role="a3code">HMD</cell>
                        <cell role="name" xml:lang="fr">HEARD, ÎLE ET MCDONALD, ÎLES</cell>
                        <cell role="name" xml:lang="en">HEARD ISLAND AND MCDONALD ISLANDS</cell>
                    </row>
                    <row>
                        <cell role="a2code">HN</cell>
                        <cell role="a3code">HND</cell>
                        <cell role="name" xml:lang="fr">HONDURAS</cell>
                        <cell role="name" xml:lang="en">HONDURAS</cell>
                        <cell role="nameAlt" xml:lang="en">Honduras</cell>
                    </row>
                    <row>
                        <cell role="a2code">HK</cell>
                        <cell role="a3code">HKG</cell>
                        <cell role="name" xml:lang="fr">HONG-KONG</cell>
                        <cell role="name" xml:lang="en">HONG KONG</cell>
                        <cell role="nameAlt" xml:lang="en">Hong Kong</cell>
                    </row>
                    <row>
                        <cell role="a2code">HU</cell>
                        <cell role="a3code">HUN</cell>
                        <cell role="name" xml:lang="fr">HONGRIE</cell>
                        <cell role="name" xml:lang="en">HUNGARY</cell>
                        <cell role="nameAlt" xml:lang="en">Hungary</cell>
                    </row>
                    <row>
                        <cell role="a2code">IM</cell>
                        <cell role="a3code">IMN</cell>
                        <cell role="name" xml:lang="fr">ÎLE DE MAN</cell>
                        <cell role="name" xml:lang="en">ISLE OF MAN</cell>
                    </row>
                    <row>
                        <cell role="a2code">UM</cell>
                        <cell role="a3code">UMI</cell>
                        <cell role="name" xml:lang="fr">ÎLES MINEURES ÉLOIGNÉES DES
                            ÉTATS-UNIS</cell>
                        <cell role="name" xml:lang="en">UNITED STATES MINOR OUTLYING ISLANDS</cell>
                    </row>
                    <row>
                        <cell role="a2code">VG</cell>
                        <cell role="a3code">VGB</cell>
                        <cell role="name" xml:lang="fr">ÎLES VIERGES BRITANNIQUES</cell>
                        <cell role="name" xml:lang="en">VIRGIN ISLANDS, BRITISH</cell>
                    </row>
                    <row>
                        <cell role="a2code">VI</cell>
                        <cell role="a3code">VIR</cell>
                        <cell role="name" xml:lang="fr">ÎLES VIERGES DES ÉTATS-UNIS</cell>
                        <cell role="name" xml:lang="en">VIRGIN ISLANDS, U.S.</cell>
                    </row>
                    <row>
                        <cell role="a2code">IN</cell>
                        <cell role="a3code">IND</cell>
                        <cell role="name" xml:lang="fr">INDE</cell>
                        <cell role="name" xml:lang="en">INDIA</cell>
						<cell role="name" xml:lang="en">India</cell>
                        <cell role="nameAlt" xml:lang="en">India</cell>
                    </row>
                    <row>
                        <cell role="a2code">ID</cell>
                        <cell role="a3code">IDN</cell>
                        <cell role="name" xml:lang="fr">INDONÉSIE</cell>
                        <cell role="name" xml:lang="en">INDONESIA</cell>
                        <cell role="nameAlt" xml:lang="en">Indonesia</cell>
                    </row>
                    <row>
                        <cell role="a2code">IR</cell>
                        <cell role="a3code">IRN</cell>
                        <cell role="name" xml:lang="fr">IRAN, RÉPUBLIQUE ISLAMIQUE D'</cell>
                        <cell role="name" xml:lang="en">IRAN, ISLAMIC REPUBLIC OF</cell>
                        <cell role="name" xml:lang="en">IRAN</cell>
                        <cell role="nameAlt" xml:lang="en">Iran</cell>
						<cell role="nameAlt" xml:lang="en">I.R. Iran</cell>
                    </row>
                    <row>
                        <cell role="a2code">IQ</cell>
                        <cell role="a3code">IRQ</cell>
                        <cell role="name" xml:lang="fr">IRAQ</cell>
                        <cell role="name" xml:lang="en">IRAQ</cell>
                        <cell role="nameAlt" xml:lang="en">Iraq</cell>
                    </row>
                    <row>
                        <cell role="a2code">IE</cell>
                        <cell role="a3code">IRL</cell>
                        <cell role="name" xml:lang="fr">IRLANDE</cell>
                        <cell role="name" xml:lang="en">IRELAND</cell>
                        <cell role="nameAlt" xml:lang="en">Ireland</cell>
                    </row>
                    <row>
                        <cell role="a2code">IS</cell>
                        <cell role="a3code">ISL</cell>
                        <cell role="name" xml:lang="fr">ISLANDE</cell>
                        <cell role="name" xml:lang="en">ICELAND</cell>
                        <cell role="nameAlt" xml:lang="en">Iceland</cell>
                    </row>
                    <row>
                        <cell role="a2code">IL</cell>
                        <cell role="a3code">ISR</cell>
                        <cell role="name" xml:lang="fr">ISRAËL</cell>
                        <cell role="name" xml:lang="en">ISRAEL</cell>
                        <cell role="nameAlt" xml:lang="en">Israel</cell>
                    </row>
                    <row>
                        <cell role="a2code">IT</cell>
                        <cell role="a3code">ITA</cell>
                        <cell role="name" xml:lang="fr">ITALIE</cell>
                        <cell role="name" xml:lang="en">ITALY</cell>
                        <cell role="nameAlt" xml:lang="en">Italy</cell>
						<cell role="name" xml:lang="it">Italia</cell>
						<cell role="name" xml:lang="de">Italien</cell>
                    </row>
                    <row>
                        <cell role="a2code">JM</cell>
                        <cell role="a3code">JAM</cell>
                        <cell role="name" xml:lang="fr">JAMAÏQUE</cell>
                        <cell role="name" xml:lang="en">JAMAICA</cell>
                    </row>
                    <row>
                        <cell role="a2code">JP</cell>
                        <cell role="a3code">JPN</cell>
                        <cell role="name" xml:lang="fr">JAPON</cell>
                        <cell role="name" xml:lang="en">JAPAN</cell>
                        <cell role="nameAlt" xml:lang="en">Japan</cell>
                    </row>
                    <row>
                        <cell role="a2code">JE</cell>
                        <cell role="a3code">JEY</cell>
                        <cell role="name" xml:lang="fr">JERSEY</cell>
                        <cell role="name" xml:lang="en">JERSEY</cell>
                    </row>
                    <row>
                        <cell role="a2code">JO</cell>
                        <cell role="a3code">JOR</cell>
                        <cell role="name" xml:lang="fr">JORDANIE</cell>
                        <cell role="name" xml:lang="en">JORDAN</cell>
                        <cell role="nameAlt" xml:lang="en">Jordan</cell>
                    </row>
                    <row>
                        <cell role="a2code">KZ</cell>
                        <cell role="a3code">KAZ</cell>
                        <cell role="name" xml:lang="fr">KAZAKHSTAN</cell>
                        <cell role="name" xml:lang="en">KAZAKHSTAN</cell>
                        <cell role="name" xml:lang="en">Kazakstan</cell>
                    </row>
                    <row>
                        <cell role="a2code">KE</cell>
                        <cell role="a3code">KEN</cell>
                        <cell role="name" xml:lang="fr">KENYA</cell>
                        <cell role="name" xml:lang="en">KENYA</cell>
                        <cell role="nameAlt" xml:lang="en">Kenya</cell>
                    </row>
                    <row>
                        <cell role="a2code">KG</cell>
                        <cell role="a3code">KGZ</cell>
                        <cell role="name" xml:lang="fr">KIRGHIZISTAN</cell>
                        <cell role="name" xml:lang="en">KYRGYZSTAN</cell>
                    </row>
                    <row>
                        <cell role="a2code">KI</cell>
                        <cell role="a3code">KIR</cell>
                        <cell role="name" xml:lang="fr">KIRIBATI</cell>
                        <cell role="name" xml:lang="en">KIRIBATI</cell>
                    </row>
                    <row>
                        <cell role="a2code">KW</cell>
                        <cell role="a3code">KWT</cell>
                        <cell role="name" xml:lang="fr">KOWEÏT</cell>
                        <cell role="name" xml:lang="en">KUWAIT</cell>
                        <cell role="nameAlt" xml:lang="en">Kuwait</cell>
                    </row>
                    <row>
                        <cell role="a2code">LA</cell>
                        <cell role="a3code">LAO</cell>
                        <cell role="name" xml:lang="fr">LAO, RÉPUBLIQUE DÉMOCRATIQUE
                            POPULAIRE</cell>
                        <cell role="name" xml:lang="en">LAO PEOPLE'S DEMOCRATIC REPUBLIC</cell>
                    </row>
                    <row>
                        <cell role="a2code">LS</cell>
                        <cell role="a3code">LSO</cell>
                        <cell role="name" xml:lang="fr">LESOTHO</cell>
                        <cell role="name" xml:lang="en">LESOTHO</cell>
                    </row>
                    <row>
                        <cell role="a2code">LV</cell>
                        <cell role="a3code">LVA</cell>
                        <cell role="name" xml:lang="fr">LETTONIE</cell>
                        <cell role="name" xml:lang="en">LATVIA</cell>
						<cell role="name" xml:lang="en">Latvia</cell>
                    </row>
                    <row>
                        <cell role="a2code">LB</cell>
                        <cell role="a3code">LBN</cell>
                        <cell role="name" xml:lang="fr">LIBAN</cell>
                        <cell role="name" xml:lang="en">LEBANON</cell>
                        <cell role="name" xml:lang="en">Lebanon</cell>
                    </row>
                    <row>
                        <cell role="a2code">LR</cell>
                        <cell role="a3code">LBR</cell>
                        <cell role="name" xml:lang="fr">LIBÉRIA</cell>
                        <cell role="name" xml:lang="en">LIBERIA</cell>
                    </row>
                    <row>
                        <cell role="a2code">LY</cell>
                        <cell role="a3code">LBY</cell>
                        <cell role="name" xml:lang="fr">LIBYENNE, JAMAHIRIYA ARABE</cell>
                        <cell role="name" xml:lang="en">LIBYAN ARAB JAMAHIRIYA</cell>
                    </row>
                    <row>
                        <cell role="a2code">LI</cell>
                        <cell role="a3code">LIE</cell>
                        <cell role="name" xml:lang="fr">LIECHTENSTEIN</cell>
                        <cell role="name" xml:lang="en">LIECHTENSTEIN</cell>
                    </row>
                    <row>
                        <cell role="a2code">LT</cell>
                        <cell role="a3code">LTU</cell>
                        <cell role="name" xml:lang="fr">LITUANIE</cell>
                        <cell role="name" xml:lang="en">LITHUANIA</cell>
                        <cell role="nameAlt" xml:lang="en">Lithuania</cell>
                    </row>
                    <row>
                        <cell role="a2code">LU</cell>
                        <cell role="a3code">LUX</cell>
                        <cell role="name" xml:lang="fr">LUXEMBOURG</cell>
                        <cell role="name" xml:lang="en">LUXEMBOURG</cell>
                        <cell role="nameAlt" xml:lang="en">Luxemburg</cell>
						<cell role="nameAlt" xml:lang="fr">Luxembourg</cell>
                    </row>
                    <row>
                        <cell role="a2code">MO</cell>
                        <cell role="a3code">MAC</cell>
                        <cell role="name" xml:lang="fr">MACAO</cell>
                        <cell role="name" xml:lang="en">MACAO</cell>
                    </row>
                    <row>
                        <cell role="a2code">MK</cell>
                        <cell role="a3code">MKD</cell>
                        <cell role="name" xml:lang="fr">MACÉDOINE, L'EX-RÉPUBLIQUE YOUGOSLAVE
                            DE</cell>
						<cell role="name" xml:lang="en">MACÉDOINE</cell>
						<cell role="name" xml:lang="en">Macédoine</cell>
                        <cell role="name" xml:lang="en">MACEDONIA, THE FORMER YUGOSLAV REPUBLIC
                            OF</cell>
						<cell role="name" xml:lang="en">MACEDONIA</cell>
						<cell role="name" xml:lang="en">Macedonia</cell>
                    </row>
                    <row>
                        <cell role="a2code">MG</cell>
                        <cell role="a3code">MDG</cell>
                        <cell role="name" xml:lang="fr">MADAGASCAR</cell>
                        <cell role="name" xml:lang="en">MADAGASCAR</cell>
                        <cell role="nameAlt" xml:lang="en">Madagascar</cell>
                    </row>
                    <row>
                        <cell role="a2code">MY</cell>
                        <cell role="a3code">MYS</cell>
                        <cell role="name" xml:lang="fr">MALAISIE</cell>
                        <cell role="name" xml:lang="en">MALAYSIA</cell>
                        <cell role="nameAlt" xml:lang="en">Malaysia</cell>

                    </row>
                    <row>
                        <cell role="a2code">MW</cell>
                        <cell role="a3code">MWI</cell>
                        <cell role="name" xml:lang="fr">MALAWI</cell>
                        <cell role="name" xml:lang="en">MALAWI</cell>
                        <cell role="nameAlt" xml:lang="en">Malawi</cell>
                    </row>
                    <row>
                        <cell role="a2code">MV</cell>
                        <cell role="a3code">MDV</cell>
                        <cell role="name" xml:lang="fr">MALDIVES</cell>
                        <cell role="name" xml:lang="en">MALDIVES</cell>
                        <cell role="nameAlt" xml:lang="en">Maldives</cell>
                    </row>
                    <row>
                        <cell role="a2code">ML</cell>
                        <cell role="a3code">MLI</cell>
                        <cell role="name" xml:lang="fr">MALI</cell>
                        <cell role="name" xml:lang="en">MALI</cell>
                        <cell role="nameAlt" xml:lang="en">Mali</cell>
                    </row>
                    <row>
                        <cell role="a2code">MT</cell>
                        <cell role="a3code">MLT</cell>
                        <cell role="name" xml:lang="fr">MALTE</cell>
                        <cell role="name" xml:lang="en">MALTA</cell>
                        <cell role="nameAlt" xml:lang="en">Malta</cell>
                    </row>
                    <row>
                        <cell role="a2code">MP</cell>
                        <cell role="a3code">MNP</cell>
                        <cell role="name" xml:lang="fr">MARIANNES DU NORD, ÎLES</cell>
                        <cell role="name" xml:lang="en">NORTHERN MARIANA ISLANDS</cell>
                    </row>
                    <row>
                        <cell role="a2code">MA</cell>
                        <cell role="a3code">MAR</cell>
                        <cell role="name" xml:lang="fr">MAROC</cell>
                        <cell role="name" xml:lang="en">MOROCCO</cell>
                        <cell role="name" xml:lang="en">Morocco</cell>
                    </row>
                    <row>
                        <cell role="a2code">MH</cell>
                        <cell role="a3code">MHL</cell>
                        <cell role="name" xml:lang="fr">MARSHALL, ÎLES</cell>
                        <cell role="name" xml:lang="en">MARSHALL ISLANDS</cell>
                    </row>
                    <row>
                        <cell role="a2code">MQ</cell>
                        <cell role="a3code">MTQ</cell>
                        <cell role="name" xml:lang="fr">MARTINIQUE</cell>
                        <cell role="name" xml:lang="en">MARTINIQUE</cell>
                    </row>
                    <row>
                        <cell role="a2code">MU</cell>
                        <cell role="a3code">MUS</cell>
                        <cell role="name" xml:lang="fr">MAURICE</cell>
                        <cell role="name" xml:lang="en">MAURITIUS</cell>
                    </row>
                    <row>
                        <cell role="a2code">MR</cell>
                        <cell role="a3code">MRT</cell>
                        <cell role="name" xml:lang="fr">MAURITANIE</cell>
                        <cell role="name" xml:lang="en">MAURITANIA</cell>
                    </row>
                    <row>
                        <cell role="a2code">YT</cell>
                        <cell role="a3code">MYT</cell>
                        <cell role="name" xml:lang="fr">MAYOTTE</cell>
                        <cell role="name" xml:lang="en">MAYOTTE</cell>
                    </row>
                    <row>
                        <cell role="a2code">MX</cell>
                        <cell role="a3code">MEX</cell>
                        <cell role="name" xml:lang="fr">MEXIQUE</cell>
                        <cell role="name" xml:lang="en">MEXICO</cell>
                        <cell role="nameAlt" xml:lang="en">Mexico</cell>
                        <cell role="nameAlt" xml:lang="es">México</cell>
                    </row>
                    <row>
                        <cell role="a2code">FM</cell>
                        <cell role="a3code">FSM</cell>
                        <cell role="name" xml:lang="fr">MICRONÉSIE, ÉTATS FÉDÉRÉS DE</cell>
                        <cell role="name" xml:lang="en">MICRONESIA, FEDERATED STATES OF</cell>
                    </row>
                    <row>
                        <cell role="a2code">MD</cell>
                        <cell role="a3code">MDA</cell>
                        <cell role="name" xml:lang="fr">MOLDOVA, RÉPUBLIQUE DE</cell>
                        <cell role="name" xml:lang="en">MOLDOVA, REPUBLIC OF</cell>
                    </row>
                    <row>
                        <cell role="a2code">MC</cell>
                        <cell role="a3code">MCO</cell>
                        <cell role="name" xml:lang="fr">MONACO</cell>
                        <cell role="name" xml:lang="en">MONACO</cell>
                    </row>
                    <row>
                        <cell role="a2code">MN</cell>
                        <cell role="a3code">MNG</cell>
                        <cell role="name" xml:lang="fr">MONGOLIE</cell>
                        <cell role="name" xml:lang="en">MONGOLIA</cell>
                    </row>
                    <row>
                        <cell role="a2code">ME</cell>
                        <cell role="a3code">MNE</cell>
                        <cell role="name" xml:lang="fr">MONTÉNÉGRO</cell>
                        <cell role="name" xml:lang="en">MONTENEGRO</cell>
                    </row>
                    <row>
                        <cell role="a2code">MS</cell>
                        <cell role="a3code">MSR</cell>
                        <cell role="name" xml:lang="fr">MONTSERRAT</cell>
                        <cell role="name" xml:lang="en">MONTSERRAT</cell>
                    </row>
                    <row>
                        <cell role="a2code">MZ</cell>
                        <cell role="a3code">MOZ</cell>
                        <cell role="name" xml:lang="fr">MOZAMBIQUE</cell>
                        <cell role="name" xml:lang="en">MOZAMBIQUE</cell>
                    </row>
                    <row>
                        <cell role="a2code">MM</cell>
                        <cell role="a3code">MMR</cell>
                        <cell role="name" xml:lang="fr">MYANMAR</cell>
                        <cell role="name" xml:lang="en">MYANMAR</cell>
                    </row>
                    <row>
                        <cell role="a2code">NA</cell>
                        <cell role="a3code">NAM</cell>
                        <cell role="name" xml:lang="fr">NAMIBIE</cell>
                        <cell role="name" xml:lang="en">NAMIBIA</cell>
                    </row>
                    <row>
                        <cell role="a2code">NR</cell>
                        <cell role="a3code">NRU</cell>
                        <cell role="name" xml:lang="fr">NAURU</cell>
                        <cell role="name" xml:lang="en">NAURU</cell>
                    </row>
                    <row>
                        <cell role="a2code">NP</cell>
                        <cell role="a3code">NPL</cell>
                        <cell role="name" xml:lang="fr">NÉPAL</cell>
                        <cell role="name" xml:lang="en">NEPAL</cell>
                    </row>
                    <row>
                        <cell role="a2code">NI</cell>
                        <cell role="a3code">NIC</cell>
                        <cell role="name" xml:lang="fr">NICARAGUA</cell>
                        <cell role="name" xml:lang="en">NICARAGUA</cell>
                        <cell role="nameAlt" xml:lang="en">Nicaragua</cell>
                    </row>
                    <row>
                        <cell role="a2code">NE</cell>
                        <cell role="a3code">NER</cell>
                        <cell role="name" xml:lang="fr">NIGER</cell>
                        <cell role="name" xml:lang="en">NIGER</cell>
                    </row>
                    <row>
                        <cell role="a2code">NG</cell>
                        <cell role="a3code">NGA</cell>
                        <cell role="name" xml:lang="fr">NIGÉRIA</cell>
                        <cell role="name" xml:lang="en">NIGERIA</cell>
                    </row>
                    <row>
                        <cell role="a2code">NU</cell>
                        <cell role="a3code">NIU</cell>
                        <cell role="name" xml:lang="fr">NIUE</cell>
                        <cell role="name" xml:lang="en">NIUE</cell>
                    </row>
                    <row>
                        <cell role="a2code">NF</cell>
                        <cell role="a3code">NFK</cell>
                        <cell role="name" xml:lang="fr">NORFOLK, ÎLE</cell>
                        <cell role="name" xml:lang="en">NORFOLK ISLAND</cell>
                    </row>
                    <row>
                        <cell role="a2code">NO</cell>
                        <cell role="a3code">NOR</cell>
                        <cell role="name" xml:lang="fr">NORVÈGE</cell>
                        <cell role="name" xml:lang="en">NORWAY</cell>
                        <cell role="name" xml:lang="en">Norway</cell>
						<cell role="name" xml:lang="de">Norwegen</cell>
                    </row>
                    <row>
                        <cell role="a2code">NC</cell>
                        <cell role="a3code">NCL</cell>
                        <cell role="name" xml:lang="fr">NOUVELLE-CALÉDONIE</cell>
                        <cell role="name" xml:lang="en">NEW CALEDONIA</cell>
                    </row>
                    <row>
                        <cell role="a2code">NZ</cell>
                        <cell role="a3code">NZL</cell>
                        <cell role="name" xml:lang="fr">NOUVELLE-ZÉLANDE</cell>
                        <cell role="name" xml:lang="en">NEW ZEALAND</cell>
                        <cell role="name" xml:lang="en">New Zealand</cell>
                    </row>
                    <row>
                        <cell role="a2code">IO</cell>
                        <cell role="a3code">IOT</cell>
                        <cell role="name" xml:lang="fr">OCÉAN INDIEN, TERRITOIRE BRITANNIQUE DE
                            L'</cell>
                        <cell role="name" xml:lang="en">BRITISH INDIAN OCEAN TERRITORY</cell>
                    </row>
                    <row>
                        <cell role="a2code">OM</cell>
                        <cell role="a3code">OMN</cell>
                        <cell role="name" xml:lang="fr">OMAN</cell>
                        <cell role="name" xml:lang="en">OMAN</cell>
                    </row>
                    <row>
                        <cell role="a2code">UG</cell>
                        <cell role="a3code">UGA</cell>
                        <cell role="name" xml:lang="fr">OUGANDA</cell>
                        <cell role="name" xml:lang="en">UGANDA</cell>
                    </row>
                    <row>
                        <cell role="a2code">UZ</cell>
                        <cell role="a3code">UZB</cell>
                        <cell role="name" xml:lang="fr">OUZBÉKISTAN</cell>
                        <cell role="name" xml:lang="en">UZBEKISTAN</cell>
                        <cell role="nameAlt" xml:lang="en">Uzbekistan</cell>
                    </row>
                    <row>
                        <cell role="a2code">PK</cell>
                        <cell role="a3code">PAK</cell>
                        <cell role="name" xml:lang="fr">PAKISTAN</cell>
                        <cell role="name" xml:lang="en">PAKISTAN</cell>
                        <cell role="nameAlt" xml:lang="en">Pakistan</cell>
                    </row>
                    <row>
                        <cell role="a2code">PW</cell>
                        <cell role="a3code">PLW</cell>
                        <cell role="name" xml:lang="fr">PALAOS</cell>
                        <cell role="name" xml:lang="en">PALAU</cell>
                    </row>
                    <row>
                        <cell role="a2code">PS</cell>
                        <cell role="a3code">PSE</cell>
                        <cell role="name" xml:lang="fr">PALESTINIEN OCCUPÉ, TERRITOIRE</cell>
                        <cell role="name" xml:lang="en">PALESTINIAN TERRITORY, OCCUPIED</cell>
                        <cell role="nameAlt" xml:lang="en">PALESTINE</cell>
                        <cell role="nameAlt" xml:lang="en">Palestine</cell>
                    </row>
                    <row>
                        <cell role="a2code">PA</cell>
                        <cell role="a3code">PAN</cell>
                        <cell role="name" xml:lang="fr">PANAMA</cell>
                        <cell role="name" xml:lang="en">PANAMA</cell>
                        <cell role="nameAlt" xml:lang="fr">Panama</cell>
                        <cell role="nameAlt" xml:lang="en">Panama</cell>
                    </row>
                    <row>
                        <cell role="a2code">PG</cell>
                        <cell role="a3code">PNG</cell>
                        <cell role="name" xml:lang="fr">PAPOUASIE-NOUVELLE-GUINÉE</cell>
                        <cell role="name" xml:lang="en">PAPUA NEW GUINEA</cell>
                        <cell role="nameAlt" xml:lang="en">Papua N Guinea</cell>
                    </row>
                    <row>
                        <cell role="a2code">PY</cell>
                        <cell role="a3code">PRY</cell>
                        <cell role="name" xml:lang="fr">PARAGUAY</cell>
                        <cell role="name" xml:lang="en">PARAGUAY</cell>
                        <cell role="nameAlt" xml:lang="en">Paraguay</cell>
                    </row>
                    <row>
                        <cell role="a2code">NL</cell>
                        <cell role="a3code">NLD</cell>
                        <cell role="name" xml:lang="fr">PAYS-BAS</cell>
                        <cell role="name" xml:lang="en">NETHERLANDS</cell>
                        <cell role="nameAlt" xml:lang="en">Netherlands</cell>
                        <cell role="nameAlt" xml:lang="en">The Netherlands</cell>
                    </row>
                    <row>
                        <cell role="a2code">PE</cell>
                        <cell role="a3code">PER</cell>
                        <cell role="name" xml:lang="fr">PÉROU</cell>
                        <cell role="name" xml:lang="en">PERU</cell>
                        <cell role="nameAlt" xml:lang="en">Peru</cell>
                    </row>
                    <row>
                        <cell role="a2code">PH</cell>
                        <cell role="a3code">PHL</cell>
                        <cell role="name" xml:lang="fr">PHILIPPINES</cell>
                        <cell role="name" xml:lang="en">PHILIPPINES</cell>
                        <cell role="nameAlt" xml:lang="en">Philippines</cell>
                    </row>
                    <row>
                        <cell role="a2code">PN</cell>
                        <cell role="a3code">PCN</cell>
                        <cell role="name" xml:lang="fr">PITCAIRN</cell>
                        <cell role="name" xml:lang="en">PITCAIRN</cell>
                    </row>
                    <row>
                        <cell role="a2code">PL</cell>
                        <cell role="a3code">POL</cell>
                        <cell role="name" xml:lang="fr">POLOGNE</cell>
                        <cell role="name" xml:lang="en">POLAND</cell>
						<cell role="name" xml:lang="de">Polen</cell>
						<cell role="nameAlt" xml:lang="pl">Polska</cell>
                        <cell role="nameAlt" xml:lang="en">Poland</cell>
                    </row>
                    <row>
                        <cell role="a2code">PF</cell>
                        <cell role="a3code">PYF</cell>
                        <cell role="name" xml:lang="fr">POLYNÉSIE FRANÇAISE</cell>
                        <cell role="name" xml:lang="en">FRENCH POLYNESIA</cell>
                        <cell role="nameAlt" xml:lang="en">French Polynesia</cell>
                    </row>
                    <row>
                        <cell role="a2code">PR</cell>
                        <cell role="a3code">PRI</cell>
                        <cell role="name" xml:lang="fr">PORTO RICO</cell>
                        <cell role="name" xml:lang="en">PUERTO RICO</cell>
                        <cell role="nameAlt" xml:lang="en">Puerto Rico</cell>
                    </row>
                    <row>
                        <cell role="a2code">PT</cell>
                        <cell role="a3code">PRT</cell>
                        <cell role="name" xml:lang="fr">PORTUGAL</cell>
                        <cell role="name" xml:lang="en">PORTUGAL</cell>
                        <cell role="nameAlt" xml:lang="en">Portugal</cell>
                    </row>
                    <row>
                        <cell role="a2code">QA</cell>
                        <cell role="a3code">QAT</cell>
                        <cell role="name" xml:lang="fr">QATAR</cell>
                        <cell role="name" xml:lang="en">QATAR</cell>
                        <cell role="nameAlt" xml:lang="en">Qatar</cell>
                    </row>
                    <row>
                        <cell role="a2code">RE</cell>
                        <cell role="a3code">REU</cell>
                        <cell role="name" xml:lang="fr">RÉUNION</cell>
                        <cell role="name" xml:lang="en">RÉUNION</cell>
                        <cell role="nameAlt" xml:lang="en">Reunion</cell>
                    </row>
                    <row>
                        <cell role="a2code">RO</cell>
                        <cell role="a3code">ROU</cell>
                        <cell role="name" xml:lang="fr">ROUMANIE</cell>
                        <cell role="name" xml:lang="en">ROMANIA</cell>
                        <cell role="nameAlt" xml:lang="en">Romania</cell>
                    </row>
                    <row>
                        <cell role="a2code">GB</cell>
                        <cell role="a3code">GBR</cell>
                        <cell role="name" xml:lang="fr">ROYAUME-UNI</cell>
                        <cell role="name" xml:lang="en">UNITED KINGDOM</cell>
                        <cell role="nameAlt" xml:lang="en">United Kingdom</cell>
                        <cell role="nameAlt" xml:lang="en">Northern Ireland, UK</cell>
						<cell role="nameAlt" xml:lang="en">Northern Ireland</cell>
                        <cell role="nameAlt" xml:lang="en">North Ireland</cell>
                        <cell role="nameAlt" xml:lang="en">Scotland, UK</cell>
						<cell role="nameAlt" xml:lang="en">Scotland</cell>
						<cell role="nameAlt" xml:lang="en">England</cell>
						<cell role="nameAlt" xml:lang="en">Wales</cell>
                        <cell role="nameAlt" xml:lang="en">UK</cell>
                        <cell role="nameAlt" xml:lang="en">U.K</cell>
						<cell role="nameAlt" xml:lang="en">U. K</cell>
						<cell role="nameAlt" xml:lang="en">Great Britain</cell>
                   </row>
                    <row>
                        <cell role="a2code">RU</cell>
                        <cell role="a3code">RUS</cell>
                        <cell role="name" xml:lang="fr">RUSSIE, FÉDÉRATION DE</cell>
                        <cell role="name" xml:lang="en">RUSSIAN FEDERATION</cell>
                        <cell role="nameAlt" xml:lang="en">Russian Federation</cell>
                        <cell role="nameAlt" xml:lang="en">Russia</cell>
                    </row>
                    <row>
                        <cell role="a2code">RW</cell>
                        <cell role="a3code">RWA</cell>
                        <cell role="name" xml:lang="fr">RWANDA</cell>
                        <cell role="name" xml:lang="en">RWANDA</cell>
                    </row>
                    <row>
                        <cell role="a2code">EH</cell>
                        <cell role="a3code">ESH</cell>
                        <cell role="name" xml:lang="fr">SAHARA OCCIDENTAL</cell>
                        <cell role="name" xml:lang="en">WESTERN SAHARA</cell>
                    </row>
                    <row>
                        <cell role="a2code">BL</cell>
                        <cell role="a3code">BLM</cell>
                        <cell role="name" xml:lang="fr">SAINT-BARTHÉLEMY</cell>
                        <cell role="name" xml:lang="en">SAINT BARTHÉLEMY</cell>
                    </row>
                    <row>
                        <cell role="a2code">SH</cell>
                        <cell role="a3code">SHN</cell>
                        <cell role="name" xml:lang="fr">SAINTE-HÉLÈNE</cell>
                        <cell role="name" xml:lang="en">SAINT HELENA</cell>
                    </row>
                    <row>
                        <cell role="a2code">LC</cell>
                        <cell role="a3code">LCA</cell>
                        <cell role="name" xml:lang="fr">SAINTE-LUCIE</cell>
                        <cell role="name" xml:lang="en">SAINT LUCIA</cell>
                    </row>
                    <row>
                        <cell role="a2code">KN</cell>
                        <cell role="a3code">KNA</cell>
                        <cell role="name" xml:lang="fr">SAINT-KITTS-ET-NEVIS</cell>
                        <cell role="name" xml:lang="en">SAINT KITTS AND NEVIS</cell>
                    </row>
                    <row>
                        <cell role="a2code">SM</cell>
                        <cell role="a3code">SMR</cell>
                        <cell role="name" xml:lang="fr">SAINT-MARIN</cell>
                        <cell role="name" xml:lang="en">SAN MARINO</cell>
                    </row>
                    <row>
                        <cell role="a2code">MF</cell>
                        <cell role="a3code">MAF</cell>
                        <cell role="name" xml:lang="fr">SAINT-MARTIN</cell>
                        <cell role="name" xml:lang="en">SAINT MARTIN</cell>
                    </row>
                    <row>
                        <cell role="a2code">PM</cell>
                        <cell role="a3code">SPM</cell>
                        <cell role="name" xml:lang="fr">SAINT-PIERRE-ET-MIQUELON</cell>
                        <cell role="name" xml:lang="en">SAINT PIERRE AND MIQUELON</cell>
                    </row>
                    <row>
                        <cell role="a2code">VA</cell>
                        <cell role="a3code">VAT</cell>
                        <cell role="name" xml:lang="fr">SAINT-SIÈGE (ÉTAT DE LA CITÉ DU
                            VATICAN)</cell>
                        <cell role="name" xml:lang="en">HOLY SEE (VATICAN CITY STATE)</cell>
                    </row>
                    <row>
                        <cell role="a2code">VC</cell>
                        <cell role="a3code">VCT</cell>
                        <cell role="name" xml:lang="fr">SAINT-VINCENT-ET-LES GRENADINES</cell>
                        <cell role="name" xml:lang="en">SAINT VINCENT AND THE GRENADINES</cell>
                    </row>
                    <row>
                        <cell role="a2code">SB</cell>
                        <cell role="a3code">SLB</cell>
                        <cell role="name" xml:lang="fr">SALOMON, ÎLES</cell>
                        <cell role="name" xml:lang="en">SOLOMON ISLANDS</cell>
                    </row>
                    <row>
                        <cell role="a2code">WS</cell>
                        <cell role="a3code">WSM</cell>
                        <cell role="name" xml:lang="fr">SAMOA</cell>
                        <cell role="name" xml:lang="en">SAMOA</cell>
                    </row>
                    <row>
                        <cell role="a2code">AS</cell>
                        <cell role="a3code">ASM</cell>
                        <cell role="name" xml:lang="fr">SAMOA AMÉRICAINES</cell>
                        <cell role="name" xml:lang="en">AMERICAN SAMOA</cell>
                    </row>
                    <row>
                        <cell role="a2code">ST</cell>
                        <cell role="a3code">STP</cell>
                        <cell role="name" xml:lang="fr">SAO TOMÉ-ET-PRINCIPE</cell>
                        <cell role="name" xml:lang="en">SAO TOME AND PRINCIPE</cell>
                    </row>
                    <row>
                        <cell role="a2code">SN</cell>
                        <cell role="a3code">SEN</cell>
                        <cell role="name" xml:lang="fr">SÉNÉGAL</cell>
                        <cell role="name" xml:lang="en">SENEGAL</cell>
                        <cell role="nameAlt" xml:lang="en">Senegal</cell>
                    </row>
                    <row>
                        <cell role="a2code">RS</cell>
                        <cell role="a3code">SRB</cell>
                        <cell role="name" xml:lang="fr">SERBIE</cell>
                        <cell role="name" xml:lang="en">SERBIA</cell>
                        <cell role="nameAlt" xml:lang="en">Serbia</cell>
                    </row>
                    <row>
                        <cell role="a2code">SC</cell>
                        <cell role="a3code">SYC</cell>
                        <cell role="name" xml:lang="fr">SEYCHELLES</cell>
                        <cell role="name" xml:lang="en">SEYCHELLES</cell>
                    </row>
                    <row>
                        <cell role="a2code">SL</cell>
                        <cell role="a3code">SLE</cell>
                        <cell role="name" xml:lang="fr">SIERRA LEONE</cell>
                        <cell role="name" xml:lang="en">SIERRA LEONE</cell>
                    </row>
                    <row>
                        <cell role="a2code">SG</cell>
                        <cell role="a3code">SGP</cell>
                        <cell role="name" xml:lang="fr">SINGAPOUR</cell>
                        <cell role="name" xml:lang="en">SINGAPORE</cell>
                        <cell role="nameAlt" xml:lang="en">Singapore</cell>
                    </row>
                    <row>
                        <cell role="a2code">SK</cell>
                        <cell role="a3code">SVK</cell>
                        <cell role="name" xml:lang="fr">SLOVAQUIE</cell>
                        <cell role="name" xml:lang="en">SLOVAKIA</cell>
                        <cell role="nameAlt" xml:lang="en">Slovakia</cell>
						<cell role="nameAlt" xml:lang="en">Slovak Republic</cell>
                    </row>
                    <row>
                        <cell role="a2code">SI</cell>
                        <cell role="a3code">SVN</cell>
                        <cell role="name" xml:lang="fr">SLOVÉNIE</cell>
                        <cell role="name" xml:lang="en">SLOVENIA</cell>
                        <cell role="nameAlt" xml:lang="en">Slovenia</cell>
                    </row>
                    <row>
                        <cell role="a2code">SO</cell>
                        <cell role="a3code">SOM</cell>
                        <cell role="name" xml:lang="fr">SOMALIE</cell>
                        <cell role="name" xml:lang="en">SOMALIA</cell>
                    </row>
                    <row>
                        <cell role="a2code">SD</cell>
                        <cell role="a3code">SDN</cell>
                        <cell role="name" xml:lang="fr">SOUDAN</cell>
                        <cell role="name" xml:lang="en">SUDAN</cell>
                    </row>
                    <row>
                        <cell role="a2code">LK</cell>
                        <cell role="a3code">LKA</cell>
                        <cell role="name" xml:lang="fr">SRI LANKA</cell>
                        <cell role="name" xml:lang="en">SRI LANKA</cell>
                        <cell role="nameAlt" xml:lang="en">Sri Lanka</cell>
                    </row>
                    <row>
                        <cell role="a2code">SE</cell>
                        <cell role="a3code">SWE</cell>
                        <cell role="name" xml:lang="fr">SUÈDE</cell>
                        <cell role="name" xml:lang="en">SWEDEN</cell>
						<cell role="name" xml:lang="de">Schweden</cell>
                        <cell role="nameAlt" xml:lang="en">Sweden</cell>
                    </row>
                    <row>
                        <cell role="a2code">CH</cell>
                        <cell role="a3code">CHE</cell>
                        <cell role="name" xml:lang="fr">SUISSE</cell>
                        <cell role="name" xml:lang="en">SWITZERLAND</cell>
						<cell role="name" xml:lang="de">Schweiz</cell>
                        <cell role="nameAlt" xml:lang="en">Switzerland</cell>
                    </row>
                    <row>
                        <cell role="a2code">SR</cell>
                        <cell role="a3code">SUR</cell>
                        <cell role="name" xml:lang="fr">SURINAME</cell>
                        <cell role="name" xml:lang="en">SURINAME</cell>
                    </row>
                    <row>
                        <cell role="a2code">SJ</cell>
                        <cell role="a3code">SJM</cell>
                        <cell role="name" xml:lang="fr">SVALBARD ET ÎLE JAN MAYEN</cell>
                        <cell role="name" xml:lang="en">SVALBARD AND JAN MAYEN</cell>
                    </row>
                    <row>
                        <cell role="a2code">SZ</cell>
                        <cell role="a3code">SWZ</cell>
                        <cell role="name" xml:lang="fr">SWAZILAND</cell>
                        <cell role="name" xml:lang="en">SWAZILAND</cell>
                    </row>
                    <row>
                        <cell role="a2code">SY</cell>
                        <cell role="a3code">SYR</cell>
                        <cell role="name" xml:lang="fr">SYRIENNE, RÉPUBLIQUE ARABE</cell>
                        <cell role="name" xml:lang="en">SYRIAN ARAB REPUBLIC</cell>
						<cell role="name" xml:lang="en">SYRIA</cell>
						<cell role="name" xml:lang="fr">SYRIE</cell>
                    </row>
                    <row>
                        <cell role="a2code">TJ</cell>
                        <cell role="a3code">TJK</cell>
                        <cell role="name" xml:lang="fr">TADJIKISTAN</cell>
                        <cell role="name" xml:lang="en">TAJIKISTAN</cell>
                    </row>
                    <row>
                        <cell role="a2code">TW</cell>
                        <cell role="a3code">TWN</cell>
                        <cell role="name" xml:lang="fr">TAÏWAN, PROVINCE DE CHINE</cell>
                        <cell role="name" xml:lang="en">TAIWAN, PROVINCE OF CHINA</cell>
                        <cell role="nameAlt" xml:lang="en">Taiwan</cell>
                        <cell role="nameAlt" xml:lang="en">Republic of China</cell>
						<cell role="nameAlt" xml:lang="en">Taiwan, ROC</cell>
						<cell role="nameAlt" xml:lang="en">ROC</cell>
                    </row>
                    <row>
                        <cell role="a2code">TZ</cell>
                        <cell role="a3code">TZA</cell>
                        <cell role="name" xml:lang="fr">TANZANIE, RÉPUBLIQUE-UNIE DE</cell>
                        <cell role="name" xml:lang="en">TANZANIA, UNITED REPUBLIC OF</cell>
                        <cell role="nameAlt" xml:lang="en">Tanzania</cell>
                    </row>
                    <row>
                        <cell role="a2code">TD</cell>
                        <cell role="a3code">TCD</cell>
                        <cell role="name" xml:lang="fr">TCHAD</cell>
                        <cell role="name" xml:lang="en">CHAD</cell>
                    </row>
                    <row>
                        <cell role="a2code">CZ</cell>
                        <cell role="a3code">CZE</cell>
                        <cell role="name" xml:lang="fr">TCHÈQUE, RÉPUBLIQUE</cell>
                        <cell role="name" xml:lang="en">CZECH REPUBLIC</cell>
                        <cell role="name" xml:lang="en">Czech Republic</cell>
						<cell role="name" xml:lang="en">The Czech Republic</cell>
                    </row>
                    <row>
                        <cell role="a2code">TF</cell>
                        <cell role="a3code">ATF</cell>
                        <cell role="name" xml:lang="fr">TERRES AUSTRALES FRANÇAISES</cell>
                        <cell role="name" xml:lang="en">FRENCH SOUTHERN TERRITORIES</cell>
                    </row>
                    <row>
                        <cell role="a2code">TH</cell>
                        <cell role="a3code">THA</cell>
                        <cell role="name" xml:lang="fr">THAÏLANDE</cell>
                        <cell role="name" xml:lang="en">THAILAND</cell>
                        <cell role="nameAlt" xml:lang="en">Thailand</cell>
                    </row>
                    <row>
                        <cell role="a2code">TL</cell>
                        <cell role="a3code">TLS</cell>
                        <cell role="name" xml:lang="fr">TIMOR-LESTE</cell>
                        <cell role="name" xml:lang="en">TIMOR-LESTE</cell>
                    </row>
                    <row>
                        <cell role="a2code">TG</cell>
                        <cell role="a3code">TGO</cell>
                        <cell role="name" xml:lang="fr">TOGO</cell>
                        <cell role="name" xml:lang="en">TOGO</cell>
                        <cell role="nameAlt" xml:lang="en">Togo</cell>
                    </row>
                    <row>
                        <cell role="a2code">TK</cell>
                        <cell role="a3code">TKL</cell>
                        <cell role="name" xml:lang="fr">TOKELAU</cell>
                        <cell role="name" xml:lang="en">TOKELAU</cell>
                    </row>
                    <row>
                        <cell role="a2code">TO</cell>
                        <cell role="a3code">TON</cell>
                        <cell role="name" xml:lang="fr">TONGA</cell>
                        <cell role="name" xml:lang="en">TONGA</cell>
                    </row>
                    <row>
                        <cell role="a2code">TT</cell>
                        <cell role="a3code">TTO</cell>
                        <cell role="name" xml:lang="fr">TRINITÉ-ET-TOBAGO</cell>
                        <cell role="name" xml:lang="en">TRINIDAD AND TOBAGO</cell>
                    </row>
                    <row>
                        <cell role="a2code">TN</cell>
                        <cell role="a3code">TUN</cell>
                        <cell role="name" xml:lang="fr">TUNISIE</cell>
                        <cell role="nameAlt" xml:lang="fr">Tunisie</cell>
                        <cell role="name" xml:lang="en">TUNISIA</cell>
                        <cell role="nameAlt" xml:lang="en">Tunisia</cell>
                    </row>
                    <row>
                        <cell role="a2code">TM</cell>
                        <cell role="a3code">TKM</cell>
                        <cell role="name" xml:lang="fr">TURKMÉNISTAN</cell>
                        <cell role="name" xml:lang="en">TURKMENISTAN</cell>
                    </row>
                    <row>
                        <cell role="a2code">TC</cell>
                        <cell role="a3code">TCA</cell>
                        <cell role="name" xml:lang="fr">TURKS ET CAÏQUES, ÎLES</cell>
                        <cell role="name" xml:lang="en">TURKS AND CAICOS ISLANDS</cell>
                    </row>
                    <row>
                        <cell role="a2code">TR</cell>
                        <cell role="a3code">TUR</cell>
                        <cell role="name" xml:lang="fr">TURQUIE</cell>
                        <cell role="name" xml:lang="en">TURKEY</cell>
                        <cell role="nameAlt" xml:lang="en">Turkey</cell>
                    </row>
                    <row>
                        <cell role="a2code">TV</cell>
                        <cell role="a3code">TUV</cell>
                        <cell role="name" xml:lang="fr">TUVALU</cell>
                        <cell role="name" xml:lang="en">TUVALU</cell>
                    </row>
                    <row>
                        <cell role="a2code">UA</cell>
                        <cell role="a3code">UKR</cell>
                        <cell role="name" xml:lang="fr">UKRAINE</cell>
                        <cell role="name" xml:lang="en">UKRAINE</cell>
                        <cell role="nameAlt" xml:lang="en">Ukraine</cell>
                    </row>
                    <row>
                        <cell role="a2code">UY</cell>
                        <cell role="a3code">URY</cell>
                        <cell role="name" xml:lang="fr">URUGUAY</cell>
                        <cell role="name" xml:lang="en">URUGUAY</cell>
                        <cell role="nameAlt" xml:lang="en">Uruguay</cell>
                    </row>
                    <row>
                        <cell role="a2code">VU</cell>
                        <cell role="a3code">VUT</cell>
                        <cell role="name" xml:lang="fr">VANUATU</cell>
                        <cell role="name" xml:lang="en">VANUATU</cell>
                    </row>
                    <row>
                        <cell role="a2code">VE</cell>
                        <cell role="a3code">VEN</cell>
                        <cell role="name" xml:lang="fr">VENEZUELA</cell>
                        <cell role="name" xml:lang="en">VENEZUELA, BOLIVARIAN REPUBLIC OF</cell>
                        <cell role="nameAlt" xml:lang="en">Venezuela</cell>
                    </row>
                    <row>
                        <cell role="a2code">VN</cell>
                        <cell role="a3code">VNM</cell>
                        <cell role="name" xml:lang="fr">VIET NAM</cell>
                        <cell role="name" xml:lang="en">VIET NAM</cell>
                        <cell role="nameAlt" xml:lang="en">Viet Nam</cell>
						<cell role="nameAlt" xml:lang="en">Vietnam</cell>
                    </row>
                    <row>
                        <cell role="a2code">WF</cell>
                        <cell role="a3code">WLF</cell>
                        <cell role="name" xml:lang="fr">WALLIS ET FUTUNA</cell>
                        <cell role="name" xml:lang="en">WALLIS AND FUTUNA</cell>
                        <cell role="nameAlt" xml:lang="en">Wallis and Futuna</cell>
                    </row>
                    <row>
                        <cell role="a2code">YE</cell>
                        <cell role="a3code">YEM</cell>
                        <cell role="name" xml:lang="fr">YÉMEN</cell>
                        <cell role="name" xml:lang="en">YEMEN</cell>
                        <cell role="nameAlt" xml:lang="en">Yemen</cell>
                    </row>
                    <row>
                        <cell role="a2code">ZM</cell>
                        <cell role="a3code">ZMB</cell>
                        <cell role="name" xml:lang="fr">ZAMBIE</cell>
                        <cell role="name" xml:lang="en">ZAMBIA</cell>
                        <cell role="nameAlt" xml:lang="en">Zambia</cell>
                    </row>
                    <row>
                        <cell role="a2code">ZW</cell>
                        <cell role="a3code">ZWE</cell>
                        <cell role="name" xml:lang="fr">ZIMBABWE</cell>
                        <cell role="name" xml:lang="en">ZIMBABWE</cell>
                        <cell role="nameAlt" xml:lang="en">Zimbabwe</cell>
                    </row>
					<row>
                        <cell role="a2code">DDDE</cell>
                        <cell role="a3code">DDDE</cell>
                        <cell role="name" xml:lang="fr">ALLEMAGNE DE L'EST</cell>
						<cell role="name" xml:lang="fr">République démocratique allemande</cell>
                        <cell role="name" xml:lang="en">EAST GERMANY</cell>
                        <cell role="nameAlt" xml:lang="en">East Germany</cell>
						<cell role="nameAlt" xml:lang="en">German Democratic Republic</cell>
						<cell role="nameAlt" xml:lang="de">Ostdeutschland</cell>
                        <cell role="nameAlt" xml:lang="de">DDR</cell>
						<cell role="nameAlt" xml:lang="de">GDR</cell>
						<cell role="nameAlt" xml:lang="de">Deutsche Demokratische Republik</cell>
                    </row>
					<row>
                        <cell role="a2code">YUCS</cell>
                        <cell role="a3code">YUCS</cell>
                        <cell role="name" xml:lang="fr">Yougoslavie</cell>
						<cell role="name" xml:lang="fr">Fédération démocratique de Yougoslavie</cell>
						<cell role="name" xml:lang="fr">République fédérative socialiste de Yougoslavie</cell>
                        <cell role="name" xml:lang="en">Yugoslavia</cell>
                        <cell role="nameAlt" xml:lang="en">Socialist Federal Republic of Yugoslavia</cell>
						<cell role="nameAlt" xml:lang="en">SFR Yugoslavia</cell>
						<cell role="nameAlt" xml:lang="de">Jugoslawien</cell>
						<cell role="nameAlt" xml:lang="de">Jugoslavien</cell>
                        <cell role="nameAlt" xml:lang="de">Sozialistische Föderative Republik Jugoslawien</cell>
						<cell role="nameAlt" xml:lang="de">Föderative Volksrepublik Jugoslawien</cell>
                    </row>
					<row>
                        <cell role="a2code">CSHH</cell>
                        <cell role="a3code">CSHH</cell>
                        <cell role="name" xml:lang="fr">Tchécoslovaquie</cell>
						<cell role="name" xml:lang="fr">République fédérale tchèque et slovaque</cell>
						<cell role="name" xml:lang="fr">République socialiste tchécoslovaque</cell>
                        <cell role="name" xml:lang="en">Czechoslovakia</cell>
                        <cell role="nameAlt" xml:lang="en">Czechoslovak Republic</cell>
						<cell role="nameAlt" xml:lang="en">Czechoslovak Socialist Republic</cell>
						<cell role="nameAlt" xml:lang="en">Czechoslovak Federal Republic</cell>
						<cell role="nameAlt" xml:lang="en">ČSSR</cell>
						<cell role="nameAlt" xml:lang="de">Tschechoslowakei</cell>
                        <cell role="nameAlt" xml:lang="de">Tschechoslowakische Sozialistische Republik</cell>
						<cell role="nameAlt" xml:lang="de">Tschechische und Slowakische Föderative Republik</cell>
                    </row>
					<row>
                        <cell role="a2code">SUHH</cell>
                        <cell role="a3code">SUHH</cell>
                        <cell role="name" xml:lang="fr">Union des républiques socialistes soviétiques</cell>
						<cell role="name" xml:lang="fr">Union soviétique</cell>
                        <cell role="name" xml:lang="en">USSR</cell>
                        <cell role="nameAlt" xml:lang="en">Soviet Union</cell>
						<cell role="nameAlt" xml:lang="en">CCCP</cell>
						<cell role="nameAlt" xml:lang="en">Union of Soviet Socialist Republics</cell>
						<cell role="nameAlt" xml:lang="de">Sowjetunion</cell>
                        <cell role="nameAlt" xml:lang="de">Union der Sozialistischen Sowjetrepubliken</cell>
						<cell role="nameAlt" xml:lang="de">UdSSR</cell>
						<cell role="nameAlt" xml:lang="de">SSSR</cell>
                    </row>
                </table>
            </div>
        </body>
    </text>
</TEI>
